message,class
วิศวกรรม คอมพิวเตอร์ เป็น ศาสตร์ ที่ เกี่ยวข้อง กับ การ ออกแบบ และ สร้าง เครื่อง หรือ ระบบ คอมพิวเตอร์ ,Yes
ระบบ ที่ ใช้ คอมพิวเตอร์ ศาสตร์ นี้ เกี่ยวข้อง กับ การศึกษา ทางด้าน ฮาร์ดแวร์ ซอฟต์แวร์ การสื่อสาร,Yes
ความ เกี่ยวเนื่อง ระหว่าง เรื่อง ทั้งสาม หลักสูตร การเรียน มุ่งเน้น ทางด้าน ทฤษฎี กฎ,Yes
 การ ฝึกฝน ปฏิบัติ ของ ทางด้าน วิศวกรรม ไฟฟ้า และ คณิตศาสตร์ และ วิทยาศาสตร์ รวมถึง การประยุกต์ เข้ากับ ปัญหา ทาง ด้าน การออกแบบ คอมพิวเตอร์,Yes
วิศวกร คอมพิวเตอร์ ศึกษา การออกแบบ ระบบ ฮาร์ดแวร์ ดิจิทัล ซึ่ง รวมถึง ระบบ การสื่อสาร องค์ประกอบ ของ คอมพิวเตอร์,Yes
อุปกรณ์ ที่ ประกอบ ด้วย คอมพิวเตอร์ วิศวกร คอมพิวเตอร์ จะ เรียน การพัฒนา ซอฟต์แวร์,Yes
โดยที่ เสือดำ จะ มี สีขน ปกคลุม ตาม ร่างกาย ด้วย สีดำ ซึ่ง มี ลายจุด เช่น เดียวกับ เสือดาว เพียงแต่ กลมกลืน กับ สีขน ทำให้ มองเห็น ได้ ไม่ชัด,Yes
วิศวกร คอมพิวเตอร์ จะ เป็น ผู้เชี่ยวชาญ ด้าน การ ต่อ ประสาน ระหว่าง ซอฟต์แวร์ และ ระบบ ฮาร์ดแวร์ ,Yes
ระบบ เครือข่าย การรักษา ความปลอดภัย คอมพิวเตอร์ การประมวลผล ภาษา ธรรมชาติ หรือ การรู้จำ ด้วย คอมพิวเตอร์,Yes
การ เขียน โปรแกรม คอมพิวเตอร์,Yes
ธนบัตร เป็น สิ่งที่ เป็น ตัวแทน ใน การ แลกเปลี่ยน ซึ่ง สามารถ ใช้ ชำระ หนี้ ได้ ตาม กฎหมาย,No
ธนบัตร จะ ใช้ ควบคู่ ไป กับ เหรียญกษาปณ์ แต่ โดย ทั่วไป แล้ว ธนบัตร มักใช้ สำหรับ เงิน จำนวนมาก ,No
แมว เป็น สัตว์ เลี้ยงลูก ด้วย นม,No
มี ช่วง ลำตัว ตั้งแต่ จมูก ถึง ปลาย หาง ยาว ประมาณ 40 เซนติเมตร,No
แมว ที่ เลี้ยง ตามบ้าน จะ มี รูปร่าง ขนาด เล็ก ขนาด ลำตัว ยาว,No
แมวป่า ที่ มี ขนาดใหญ่ กว่า ซึ่ง ลักษณะ บาง อย่าง ของ แมว ยังคง พบ เห็น ได้ ใน แมวบ้าน ปัจจุบัน,No
แมว มี ความ คุ้นเคย และ เลี้ยง ได้ ง่าย,No
ลักษณะ คล้าย กับ สัตว์ เลี้ยงลูก ด้วย นม ที่ กิน เนื้อ อื่น ๆ,No
แมว เปอร์เซีย เป็น ราชินี แมว จาก แดน ตะวันออกกลาง ,No
อุปนิสัย อ่อนโยน เข้า กับ คนอื่น ได้ง่าย ,No
